count,mae,mape
100,12.027446136474609,19.29972819128311
