count,mae,mape
100,12.524856758117675,19.571814100518505
