count,mae,mape
100,11.740441665649413,19.197585770177668
