count,mae,mape
100,25.92726062774658,91.96830536170154
